path,label
split_Ori_Face/train/LiuWen/534.jpg,1
split_Ori_Face/train/LiuWen/253.jpg,1
split_Ori_Face/train/LiuWen/432.jpg,1
split_Ori_Face/train/LiuWen/334.jpg,1
split_Ori_Face/train/LiuWen/412.jpg,1
split_Ori_Face/train/LiuWen/467.jpg,1
split_Ori_Face/train/LiuWen/447.jpg,1
split_Ori_Face/train/LiuWen/549.jpg,1
split_Ori_Face/train/LiuWen/17.jpg,1
split_Ori_Face/train/LiuWen/597.jpg,1
split_Ori_Face/train/LiuWen/190.jpg,1
split_Ori_Face/train/LiuWen/51.jpg,1
split_Ori_Face/train/LiuWen/529.jpg,1
split_Ori_Face/train/LiuWen/337.jpg,1
split_Ori_Face/train/LiuWen/260.jpg,1
split_Ori_Face/train/LiuWen/273.jpg,1
split_Ori_Face/train/LiuWen/26.jpg,1
split_Ori_Face/train/LiuWen/430.jpg,1
split_Ori_Face/train/LiuWen/151.jpg,1
split_Ori_Face/train/LiuWen/279.jpg,1
split_Ori_Face/train/LiuWen/199.jpg,1
split_Ori_Face/train/LiuWen/435.jpg,1
split_Ori_Face/train/LiuWen/576.jpg,1
split_Ori_Face/train/LiuWen/329.jpg,1
split_Ori_Face/train/LiuWen/429.jpg,1
split_Ori_Face/train/LiuWen/86.jpg,1
split_Ori_Face/train/LiuWen/6.jpg,1
split_Ori_Face/train/LiuWen/498.jpg,1
split_Ori_Face/train/LiuWen/227.jpg,1
split_Ori_Face/train/LiuWen/89.jpg,1
split_Ori_Face/train/LiuWen/618.jpg,1
split_Ori_Face/train/LiuWen/556.jpg,1
split_Ori_Face/train/LiuWen/415.jpg,1
split_Ori_Face/train/LiuWen/79.jpg,1
split_Ori_Face/train/LiuWen/125.jpg,1
split_Ori_Face/train/LiuWen/566.jpg,1
split_Ori_Face/train/LiuWen/616.jpg,1
split_Ori_Face/train/LiuWen/345.jpg,1
split_Ori_Face/train/LiuWen/226.jpg,1
split_Ori_Face/train/LiuWen/305.jpg,1
split_Ori_Face/train/LiuWen/563.jpg,1
split_Ori_Face/train/LiuWen/562.jpg,1
split_Ori_Face/train/LiuWen/544.jpg,1
split_Ori_Face/train/LiuWen/323.jpg,1
split_Ori_Face/train/LiuWen/442.jpg,1
split_Ori_Face/train/LiuWen/392.jpg,1
split_Ori_Face/train/LiuWen/152.jpg,1
split_Ori_Face/train/LiuWen/294.jpg,1
split_Ori_Face/train/LiuWen/175.jpg,1
split_Ori_Face/train/LiuWen/378.jpg,1
split_Ori_Face/train/LiuWen/16.jpg,1
split_Ori_Face/train/LiuWen/445.jpg,1
split_Ori_Face/train/LiuWen/42.jpg,1
split_Ori_Face/train/LiuWen/139.jpg,1
split_Ori_Face/train/LiuWen/88.jpg,1
split_Ori_Face/train/LiuWen/137.jpg,1
split_Ori_Face/train/LiuWen/565.jpg,1
split_Ori_Face/train/LiuWen/208.jpg,1
split_Ori_Face/train/LiuWen/380.jpg,1
split_Ori_Face/train/LiuWen/606.jpg,1
split_Ori_Face/train/LiuWen/444.jpg,1
split_Ori_Face/train/LiuWen/167.jpg,1
split_Ori_Face/train/LiuWen/572.jpg,1
split_Ori_Face/train/LiuWen/395.jpg,1
split_Ori_Face/train/LiuWen/131.jpg,1
split_Ori_Face/train/LiuWen/503.jpg,1
split_Ori_Face/train/LiuWen/39.jpg,1
split_Ori_Face/train/LiuWen/134.jpg,1
split_Ori_Face/train/LiuWen/561.jpg,1
split_Ori_Face/train/LiuWen/181.jpg,1
split_Ori_Face/train/LiuWen/76.jpg,1
split_Ori_Face/train/LiuWen/130.jpg,1
split_Ori_Face/train/LiuWen/381.jpg,1
split_Ori_Face/train/LiuWen/173.jpg,1
split_Ori_Face/train/LiuWen/74.jpg,1
split_Ori_Face/train/LiuWen/356.jpg,1
split_Ori_Face/train/LiuWen/535.jpg,1
split_Ori_Face/train/LiuWen/607.jpg,1
split_Ori_Face/train/LiuWen/52.jpg,1
split_Ori_Face/train/LiuWen/288.jpg,1
split_Ori_Face/train/LiuWen/510.jpg,1
split_Ori_Face/train/LiuWen/601.jpg,1
split_Ori_Face/train/LiuWen/469.jpg,1
split_Ori_Face/train/LiuWen/236.jpg,1
split_Ori_Face/train/LiuWen/224.jpg,1
split_Ori_Face/train/LiuWen/484.jpg,1
split_Ori_Face/train/LiuWen/283.jpg,1
split_Ori_Face/train/LiuWen/204.jpg,1
split_Ori_Face/train/LiuWen/252.jpg,1
split_Ori_Face/train/LiuWen/72.jpg,1
split_Ori_Face/train/LiuWen/360.jpg,1
split_Ori_Face/train/LiuWen/157.jpg,1
split_Ori_Face/train/LiuWen/263.jpg,1
split_Ori_Face/train/LiuWen/40.jpg,1
split_Ori_Face/train/LiuWen/400.jpg,1
split_Ori_Face/train/LiuWen/201.jpg,1
split_Ori_Face/train/LiuWen/61.jpg,1
split_Ori_Face/train/LiuWen/104.jpg,1
split_Ori_Face/train/LiuWen/235.jpg,1
split_Ori_Face/train/LiuWen/93.jpg,1
split_Ori_Face/train/LiuWen/46.jpg,1
split_Ori_Face/train/LiuWen/264.jpg,1
split_Ori_Face/train/LiuWen/493.jpg,1
split_Ori_Face/train/LiuWen/540.jpg,1
split_Ori_Face/train/LiuWen/399.jpg,1
split_Ori_Face/train/LiuWen/357.jpg,1
split_Ori_Face/train/LiuWen/488.jpg,1
split_Ori_Face/train/LiuWen/419.jpg,1
split_Ori_Face/train/LiuWen/523.jpg,1
split_Ori_Face/train/LiuWen/584.jpg,1
split_Ori_Face/train/LiuWen/299.jpg,1
split_Ori_Face/train/LiuWen/598.jpg,1
split_Ori_Face/train/LiuWen/126.jpg,1
split_Ori_Face/train/LiuWen/514.jpg,1
split_Ori_Face/train/LiuWen/526.jpg,1
split_Ori_Face/train/LiuWen/62.jpg,1
split_Ori_Face/train/LiuWen/101.jpg,1
split_Ori_Face/train/LiuWen/340.jpg,1
split_Ori_Face/train/LiuWen/87.jpg,1
split_Ori_Face/train/LiuWen/627.jpg,1
split_Ori_Face/train/LiuWen/155.jpg,1
split_Ori_Face/train/LiuWen/112.jpg,1
split_Ori_Face/train/LiuWen/355.jpg,1
split_Ori_Face/train/LiuWen/222.jpg,1
split_Ori_Face/train/LiuWen/386.jpg,1
split_Ori_Face/train/LiuWen/602.jpg,1
split_Ori_Face/train/LiuWen/183.jpg,1
split_Ori_Face/train/LiuWen/496.jpg,1
split_Ori_Face/train/LiuWen/375.jpg,1
split_Ori_Face/train/LiuWen/35.jpg,1
split_Ori_Face/train/LiuWen/414.jpg,1
split_Ori_Face/train/LiuWen/479.jpg,1
split_Ori_Face/train/LiuWen/387.jpg,1
split_Ori_Face/train/LiuWen/351.jpg,1
split_Ori_Face/train/LiuWen/489.jpg,1
split_Ori_Face/train/LiuWen/245.jpg,1
split_Ori_Face/train/LiuWen/111.jpg,1
split_Ori_Face/train/LiuWen/548.jpg,1
split_Ori_Face/train/LiuWen/358.jpg,1
split_Ori_Face/train/LiuWen/228.jpg,1
split_Ori_Face/train/LiuWen/24.jpg,1
split_Ori_Face/train/LiuWen/506.jpg,1
split_Ori_Face/train/LiuWen/0.jpg,1
split_Ori_Face/train/LiuWen/177.jpg,1
split_Ori_Face/train/LiuWen/116.jpg,1
split_Ori_Face/train/LiuWen/471.jpg,1
split_Ori_Face/train/LiuWen/219.jpg,1
split_Ori_Face/train/LiuWen/515.jpg,1
split_Ori_Face/train/LiuWen/543.jpg,1
split_Ori_Face/train/LiuWen/384.jpg,1
split_Ori_Face/train/LiuWen/41.jpg,1
split_Ori_Face/train/LiuWen/390.jpg,1
split_Ori_Face/train/LiuWen/306.jpg,1
split_Ori_Face/train/LiuWen/278.jpg,1
split_Ori_Face/train/LiuWen/234.jpg,1
split_Ori_Face/train/LiuWen/328.jpg,1
split_Ori_Face/train/LiuWen/339.jpg,1
split_Ori_Face/train/LiuWen/455.jpg,1
split_Ori_Face/train/LiuWen/611.jpg,1
split_Ori_Face/train/LiuWen/90.jpg,1
split_Ori_Face/train/LiuWen/289.jpg,1
split_Ori_Face/train/LiuWen/119.jpg,1
split_Ori_Face/train/LiuWen/405.jpg,1
split_Ori_Face/train/LiuWen/541.jpg,1
split_Ori_Face/train/LiuWen/551.jpg,1
split_Ori_Face/train/LiuWen/421.jpg,1
split_Ori_Face/train/LiuWen/449.jpg,1
split_Ori_Face/train/LiuWen/96.jpg,1
split_Ori_Face/train/LiuWen/109.jpg,1
split_Ori_Face/train/LiuWen/377.jpg,1
split_Ori_Face/train/LiuWen/233.jpg,1
split_Ori_Face/train/LiuWen/371.jpg,1
split_Ori_Face/train/LiuWen/188.jpg,1
split_Ori_Face/train/LiuWen/411.jpg,1
split_Ori_Face/train/LiuWen/1.jpg,1
split_Ori_Face/train/LiuWen/223.jpg,1
split_Ori_Face/train/LiuWen/398.jpg,1
split_Ori_Face/train/LiuWen/14.jpg,1
split_Ori_Face/train/LiuWen/379.jpg,1
split_Ori_Face/train/LiuWen/439.jpg,1
split_Ori_Face/train/LiuWen/571.jpg,1
split_Ori_Face/train/LiuWen/481.jpg,1
split_Ori_Face/train/LiuWen/296.jpg,1
split_Ori_Face/train/LiuWen/452.jpg,1
split_Ori_Face/train/LiuWen/248.jpg,1
split_Ori_Face/train/LiuWen/2.jpg,1
split_Ori_Face/train/LiuWen/629.jpg,1
split_Ori_Face/train/LiuWen/376.jpg,1
split_Ori_Face/train/LiuWen/533.jpg,1
split_Ori_Face/train/LiuWen/164.jpg,1
split_Ori_Face/train/LiuWen/107.jpg,1
split_Ori_Face/train/LiuWen/243.jpg,1
split_Ori_Face/train/LiuWen/554.jpg,1
split_Ori_Face/train/LiuWen/123.jpg,1
split_Ori_Face/train/LiuWen/22.jpg,1
split_Ori_Face/train/LiuWen/478.jpg,1
split_Ori_Face/train/LiuWen/25.jpg,1
split_Ori_Face/train/LiuWen/47.jpg,1
split_Ori_Face/train/LiuWen/186.jpg,1
split_Ori_Face/train/LiuWen/536.jpg,1
split_Ori_Face/train/LiuWen/385.jpg,1
split_Ori_Face/train/LiuWen/215.jpg,1
split_Ori_Face/train/LiuWen/31.jpg,1
split_Ori_Face/train/LiuWen/27.jpg,1
split_Ori_Face/train/LiuWen/37.jpg,1
split_Ori_Face/train/LiuWen/45.jpg,1
split_Ori_Face/train/LiuWen/293.jpg,1
split_Ori_Face/train/LiuWen/267.jpg,1
split_Ori_Face/train/LiuWen/255.jpg,1
split_Ori_Face/train/LiuWen/564.jpg,1
split_Ori_Face/train/LiuWen/532.jpg,1
split_Ori_Face/train/LiuWen/590.jpg,1
split_Ori_Face/train/LiuWen/416.jpg,1
split_Ori_Face/train/LiuWen/67.jpg,1
split_Ori_Face/train/LiuWen/28.jpg,1
split_Ori_Face/train/LiuWen/242.jpg,1
split_Ori_Face/train/LiuWen/393.jpg,1
split_Ori_Face/train/LiuWen/108.jpg,1
split_Ori_Face/train/LiuWen/574.jpg,1
split_Ori_Face/train/LiuWen/142.jpg,1
split_Ori_Face/train/LiuWen/85.jpg,1
split_Ori_Face/train/LiuWen/374.jpg,1
split_Ori_Face/train/LiuWen/550.jpg,1
split_Ori_Face/train/LiuWen/552.jpg,1
split_Ori_Face/train/LiuWen/84.jpg,1
split_Ori_Face/train/LiuWen/43.jpg,1
split_Ori_Face/train/LiuWen/141.jpg,1
split_Ori_Face/train/LiuWen/585.jpg,1
split_Ori_Face/train/LiuWen/95.jpg,1
split_Ori_Face/train/LiuWen/8.jpg,1
split_Ori_Face/train/LiuWen/230.jpg,1
split_Ori_Face/train/LiuWen/589.jpg,1
split_Ori_Face/train/LiuWen/161.jpg,1
split_Ori_Face/train/LiuWen/546.jpg,1
split_Ori_Face/train/LiuWen/396.jpg,1
split_Ori_Face/train/LiuWen/615.jpg,1
split_Ori_Face/train/LiuWen/608.jpg,1
split_Ori_Face/train/LiuWen/482.jpg,1
split_Ori_Face/train/LiuWen/292.jpg,1
split_Ori_Face/train/LiuWen/280.jpg,1
split_Ori_Face/train/LiuWen/66.jpg,1
split_Ori_Face/train/LiuWen/596.jpg,1
split_Ori_Face/train/LiuWen/58.jpg,1
split_Ori_Face/train/LiuWen/49.jpg,1
split_Ori_Face/train/LiuWen/60.jpg,1
split_Ori_Face/train/LiuWen/454.jpg,1
split_Ori_Face/train/LiuWen/477.jpg,1
split_Ori_Face/train/LiuWen/366.jpg,1
split_Ori_Face/train/LiuWen/168.jpg,1
split_Ori_Face/train/LiuWen/7.jpg,1
split_Ori_Face/train/LiuWen/150.jpg,1
split_Ori_Face/train/LiuWen/594.jpg,1
split_Ori_Face/train/LiuWen/613.jpg,1
split_Ori_Face/train/LiuWen/409.jpg,1
split_Ori_Face/train/LiuWen/591.jpg,1
split_Ori_Face/train/LiuWen/4.jpg,1
split_Ori_Face/train/LiuWen/120.jpg,1
split_Ori_Face/train/LiuWen/545.jpg,1
split_Ori_Face/train/LiuWen/459.jpg,1
split_Ori_Face/train/LiuWen/63.jpg,1
split_Ori_Face/train/LiuWen/403.jpg,1
split_Ori_Face/train/LiuWen/424.jpg,1
split_Ori_Face/train/LiuWen/325.jpg,1
split_Ori_Face/train/LiuWen/437.jpg,1
split_Ori_Face/train/LiuWen/92.jpg,1
split_Ori_Face/train/LiuWen/18.jpg,1
split_Ori_Face/train/LiuWen/362.jpg,1
split_Ori_Face/train/LiuWen/81.jpg,1
split_Ori_Face/train/LiuWen/23.jpg,1
split_Ori_Face/train/LiuWen/370.jpg,1
split_Ori_Face/train/LiuWen/511.jpg,1
split_Ori_Face/train/LiuWen/453.jpg,1
split_Ori_Face/train/LiuWen/580.jpg,1
split_Ori_Face/train/LiuWen/472.jpg,1
split_Ori_Face/train/LiuWen/581.jpg,1
split_Ori_Face/train/LiuWen/162.jpg,1
split_Ori_Face/train/LiuWen/420.jpg,1
split_Ori_Face/train/LiuWen/490.jpg,1
split_Ori_Face/train/LiuWen/249.jpg,1
split_Ori_Face/train/LiuWen/70.jpg,1
split_Ori_Face/train/LiuWen/448.jpg,1
split_Ori_Face/train/LiuWen/352.jpg,1
split_Ori_Face/train/LiuWen/232.jpg,1
split_Ori_Face/train/LiuWen/282.jpg,1
split_Ori_Face/train/LiuWen/588.jpg,1
split_Ori_Face/train/LiuWen/521.jpg,1
split_Ori_Face/train/LiuWen/457.jpg,1
split_Ori_Face/train/LiuWen/347.jpg,1
split_Ori_Face/train/LiuWen/324.jpg,1
split_Ori_Face/train/EmmaGonzalez/253.jpg,2
split_Ori_Face/train/EmmaGonzalez/334.jpg,2
split_Ori_Face/train/EmmaGonzalez/98.jpg,2
split_Ori_Face/train/EmmaGonzalez/80.jpg,2
split_Ori_Face/train/EmmaGonzalez/64.jpg,2
split_Ori_Face/train/EmmaGonzalez/191.jpg,2
split_Ori_Face/train/EmmaGonzalez/117.jpg,2
split_Ori_Face/train/EmmaGonzalez/51.jpg,2
split_Ori_Face/train/EmmaGonzalez/213.jpg,2
split_Ori_Face/train/EmmaGonzalez/320.jpg,2
split_Ori_Face/train/EmmaGonzalez/182.jpg,2
split_Ori_Face/train/EmmaGonzalez/149.jpg,2
split_Ori_Face/train/EmmaGonzalez/239.jpg,2
split_Ori_Face/train/EmmaGonzalez/257.jpg,2
split_Ori_Face/train/EmmaGonzalez/226.jpg,2
split_Ori_Face/train/EmmaGonzalez/34.jpg,2
split_Ori_Face/train/EmmaGonzalez/217.jpg,2
split_Ori_Face/train/EmmaGonzalez/100.jpg,2
split_Ori_Face/train/EmmaGonzalez/145.jpg,2
split_Ori_Face/train/EmmaGonzalez/139.jpg,2
split_Ori_Face/train/EmmaGonzalez/350.jpg,2
split_Ori_Face/train/EmmaGonzalez/208.jpg,2
split_Ori_Face/train/EmmaGonzalez/30.jpg,2
split_Ori_Face/train/EmmaGonzalez/167.jpg,2
split_Ori_Face/train/EmmaGonzalez/132.jpg,2
split_Ori_Face/train/EmmaGonzalez/181.jpg,2
split_Ori_Face/train/EmmaGonzalez/75.jpg,2
split_Ori_Face/train/EmmaGonzalez/202.jpg,2
split_Ori_Face/train/EmmaGonzalez/76.jpg,2
split_Ori_Face/train/EmmaGonzalez/203.jpg,2
split_Ori_Face/train/EmmaGonzalez/174.jpg,2
split_Ori_Face/train/EmmaGonzalez/65.jpg,2
split_Ori_Face/train/EmmaGonzalez/291.jpg,2
split_Ori_Face/train/EmmaGonzalez/252.jpg,2
split_Ori_Face/train/EmmaGonzalez/262.jpg,2
split_Ori_Face/train/EmmaGonzalez/263.jpg,2
split_Ori_Face/train/EmmaGonzalez/159.jpg,2
split_Ori_Face/train/EmmaGonzalez/40.jpg,2
split_Ori_Face/train/EmmaGonzalez/341.jpg,2
split_Ori_Face/train/EmmaGonzalez/344.jpg,2
split_Ori_Face/train/EmmaGonzalez/99.jpg,2
split_Ori_Face/train/EmmaGonzalez/220.jpg,2
split_Ori_Face/train/EmmaGonzalez/93.jpg,2
split_Ori_Face/train/EmmaGonzalez/264.jpg,2
split_Ori_Face/train/EmmaGonzalez/286.jpg,2
split_Ori_Face/train/EmmaGonzalez/126.jpg,2
split_Ori_Face/train/EmmaGonzalez/148.jpg,2
split_Ori_Face/train/EmmaGonzalez/101.jpg,2
split_Ori_Face/train/EmmaGonzalez/340.jpg,2
split_Ori_Face/train/EmmaGonzalez/212.jpg,2
split_Ori_Face/train/EmmaGonzalez/129.jpg,2
split_Ori_Face/train/EmmaGonzalez/266.jpg,2
split_Ori_Face/train/EmmaGonzalez/195.jpg,2
split_Ori_Face/train/EmmaGonzalez/0.jpg,2
split_Ori_Face/train/EmmaGonzalez/214.jpg,2
split_Ori_Face/train/EmmaGonzalez/289.jpg,2
split_Ori_Face/train/EmmaGonzalez/277.jpg,2
split_Ori_Face/train/EmmaGonzalez/300.jpg,2
split_Ori_Face/train/EmmaGonzalez/223.jpg,2
split_Ori_Face/train/EmmaGonzalez/32.jpg,2
split_Ori_Face/train/EmmaGonzalez/113.jpg,2
split_Ori_Face/train/EmmaGonzalez/108.jpg,2
split_Ori_Face/train/EmmaGonzalez/197.jpg,2
split_Ori_Face/train/EmmaGonzalez/84.jpg,2
split_Ori_Face/train/EmmaGonzalez/43.jpg,2
split_Ori_Face/train/EmmaGonzalez/5.jpg,2
split_Ori_Face/train/EmmaGonzalez/95.jpg,2
split_Ori_Face/train/EmmaGonzalez/8.jpg,2
split_Ori_Face/train/EmmaGonzalez/230.jpg,2
split_Ori_Face/train/EmmaGonzalez/194.jpg,2
split_Ori_Face/train/EmmaGonzalez/73.jpg,2
split_Ori_Face/train/EmmaGonzalez/58.jpg,2
split_Ori_Face/train/EmmaGonzalez/60.jpg,2
split_Ori_Face/train/EmmaGonzalez/297.jpg,2
split_Ori_Face/train/EmmaGonzalez/168.jpg,2
split_Ori_Face/train/EmmaGonzalez/169.jpg,2
split_Ori_Face/train/EmmaGonzalez/302.jpg,2
split_Ori_Face/train/EmmaGonzalez/268.jpg,2
split_Ori_Face/train/EmmaGonzalez/18.jpg,2
split_Ori_Face/train/EmmaGonzalez/127.jpg,2
split_Ori_Face/train/EmmaGonzalez/270.jpg,2
split_Ori_Face/train/EmmaGonzalez/259.jpg,2
split_Ori_Face/train/EmmaGonzalez/232.jpg,2
split_Ori_Face/train/EmmaGonzalez/238.jpg,2
split_Ori_Face/train/JimmyKimmel/209.jpg,3
split_Ori_Face/train/JimmyKimmel/253.jpg,3
split_Ori_Face/train/JimmyKimmel/422.jpg,3
split_Ori_Face/train/JimmyKimmel/368.jpg,3
split_Ori_Face/train/JimmyKimmel/464.jpg,3
split_Ori_Face/train/JimmyKimmel/456.jpg,3
split_Ori_Face/train/JimmyKimmel/51.jpg,3
split_Ori_Face/train/JimmyKimmel/260.jpg,3
split_Ori_Face/train/JimmyKimmel/33.jpg,3
split_Ori_Face/train/JimmyKimmel/26.jpg,3
split_Ori_Face/train/JimmyKimmel/435.jpg,3
split_Ori_Face/train/JimmyKimmel/522.jpg,3
split_Ori_Face/train/JimmyKimmel/415.jpg,3
split_Ori_Face/train/JimmyKimmel/10.jpg,3
split_Ori_Face/train/JimmyKimmel/79.jpg,3
split_Ori_Face/train/JimmyKimmel/125.jpg,3
split_Ori_Face/train/JimmyKimmel/176.jpg,3
split_Ori_Face/train/JimmyKimmel/323.jpg,3
split_Ori_Face/train/JimmyKimmel/152.jpg,3
split_Ori_Face/train/JimmyKimmel/470.jpg,3
split_Ori_Face/train/JimmyKimmel/217.jpg,3
split_Ori_Face/train/JimmyKimmel/100.jpg,3
split_Ori_Face/train/JimmyKimmel/144.jpg,3
split_Ori_Face/train/JimmyKimmel/139.jpg,3
split_Ori_Face/train/JimmyKimmel/450.jpg,3
split_Ori_Face/train/JimmyKimmel/156.jpg,3
split_Ori_Face/train/JimmyKimmel/527.jpg,3
split_Ori_Face/train/JimmyKimmel/354.jpg,3
split_Ori_Face/train/JimmyKimmel/465.jpg,3
split_Ori_Face/train/JimmyKimmel/181.jpg,3
split_Ori_Face/train/JimmyKimmel/75.jpg,3
split_Ori_Face/train/JimmyKimmel/202.jpg,3
split_Ori_Face/train/JimmyKimmel/166.jpg,3
split_Ori_Face/train/JimmyKimmel/174.jpg,3
split_Ori_Face/train/JimmyKimmel/531.jpg,3
split_Ori_Face/train/JimmyKimmel/236.jpg,3
split_Ori_Face/train/JimmyKimmel/484.jpg,3
split_Ori_Face/train/JimmyKimmel/436.jpg,3
split_Ori_Face/train/JimmyKimmel/269.jpg,3
split_Ori_Face/train/JimmyKimmel/298.jpg,3
split_Ori_Face/train/JimmyKimmel/157.jpg,3
split_Ori_Face/train/JimmyKimmel/342.jpg,3
split_Ori_Face/train/JimmyKimmel/331.jpg,3
split_Ori_Face/train/JimmyKimmel/201.jpg,3
split_Ori_Face/train/JimmyKimmel/341.jpg,3
split_Ori_Face/train/JimmyKimmel/19.jpg,3
split_Ori_Face/train/JimmyKimmel/93.jpg,3
split_Ori_Face/train/JimmyKimmel/264.jpg,3
split_Ori_Face/train/JimmyKimmel/488.jpg,3
split_Ori_Face/train/JimmyKimmel/299.jpg,3
split_Ori_Face/train/JimmyKimmel/122.jpg,3
split_Ori_Face/train/JimmyKimmel/206.jpg,3
split_Ori_Face/train/JimmyKimmel/326.jpg,3
split_Ori_Face/train/JimmyKimmel/355.jpg,3
split_Ori_Face/train/JimmyKimmel/359.jpg,3
split_Ori_Face/train/JimmyKimmel/443.jpg,3
split_Ori_Face/train/JimmyKimmel/440.jpg,3
split_Ori_Face/train/JimmyKimmel/178.jpg,3
split_Ori_Face/train/JimmyKimmel/479.jpg,3
split_Ori_Face/train/JimmyKimmel/351.jpg,3
split_Ori_Face/train/JimmyKimmel/408.jpg,3
split_Ori_Face/train/JimmyKimmel/24.jpg,3
split_Ori_Face/train/JimmyKimmel/506.jpg,3
split_Ori_Face/train/JimmyKimmel/417.jpg,3
split_Ori_Face/train/JimmyKimmel/336.jpg,3
split_Ori_Face/train/JimmyKimmel/303.jpg,3
split_Ori_Face/train/JimmyKimmel/519.jpg,3
split_Ori_Face/train/JimmyKimmel/538.jpg,3
split_Ori_Face/train/JimmyKimmel/234.jpg,3
split_Ori_Face/train/JimmyKimmel/328.jpg,3
split_Ori_Face/train/JimmyKimmel/119.jpg,3
split_Ori_Face/train/JimmyKimmel/541.jpg,3
split_Ori_Face/train/JimmyKimmel/277.jpg,3
split_Ori_Face/train/JimmyKimmel/109.jpg,3
split_Ori_Face/train/JimmyKimmel/338.jpg,3
split_Ori_Face/train/JimmyKimmel/188.jpg,3
split_Ori_Face/train/JimmyKimmel/333.jpg,3
split_Ori_Face/train/JimmyKimmel/223.jpg,3
split_Ori_Face/train/JimmyKimmel/398.jpg,3
split_Ori_Face/train/JimmyKimmel/296.jpg,3
split_Ori_Face/train/JimmyKimmel/2.jpg,3
split_Ori_Face/train/JimmyKimmel/376.jpg,3
split_Ori_Face/train/JimmyKimmel/243.jpg,3
split_Ori_Face/train/JimmyKimmel/349.jpg,3
split_Ori_Face/train/JimmyKimmel/497.jpg,3
split_Ori_Face/train/JimmyKimmel/47.jpg,3
split_Ori_Face/train/JimmyKimmel/147.jpg,3
split_Ori_Face/train/JimmyKimmel/31.jpg,3
split_Ori_Face/train/JimmyKimmel/45.jpg,3
split_Ori_Face/train/JimmyKimmel/267.jpg,3
split_Ori_Face/train/JimmyKimmel/532.jpg,3
split_Ori_Face/train/JimmyKimmel/113.jpg,3
split_Ori_Face/train/JimmyKimmel/393.jpg,3
split_Ori_Face/train/JimmyKimmel/505.jpg,3
split_Ori_Face/train/JimmyKimmel/103.jpg,3
split_Ori_Face/train/JimmyKimmel/374.jpg,3
split_Ori_Face/train/JimmyKimmel/197.jpg,3
split_Ori_Face/train/JimmyKimmel/43.jpg,3
split_Ori_Face/train/JimmyKimmel/271.jpg,3
split_Ori_Face/train/JimmyKimmel/401.jpg,3
split_Ori_Face/train/JimmyKimmel/396.jpg,3
split_Ori_Face/train/JimmyKimmel/38.jpg,3
split_Ori_Face/train/JimmyKimmel/363.jpg,3
split_Ori_Face/train/JimmyKimmel/66.jpg,3
split_Ori_Face/train/JimmyKimmel/404.jpg,3
split_Ori_Face/train/JimmyKimmel/454.jpg,3
split_Ori_Face/train/JimmyKimmel/237.jpg,3
split_Ori_Face/train/JimmyKimmel/15.jpg,3
split_Ori_Face/train/JimmyKimmel/477.jpg,3
split_Ori_Face/train/JimmyKimmel/373.jpg,3
split_Ori_Face/train/JimmyKimmel/462.jpg,3
split_Ori_Face/train/JimmyKimmel/210.jpg,3
split_Ori_Face/train/JimmyKimmel/169.jpg,3
split_Ori_Face/train/JimmyKimmel/304.jpg,3
split_Ori_Face/train/JimmyKimmel/409.jpg,3
split_Ori_Face/train/JimmyKimmel/468.jpg,3
split_Ori_Face/train/JimmyKimmel/83.jpg,3
split_Ori_Face/train/JimmyKimmel/265.jpg,3
split_Ori_Face/train/JimmyKimmel/274.jpg,3
split_Ori_Face/train/JimmyKimmel/268.jpg,3
split_Ori_Face/train/JimmyKimmel/325.jpg,3
split_Ori_Face/train/JimmyKimmel/78.jpg,3
split_Ori_Face/train/JimmyKimmel/509.jpg,3
split_Ori_Face/train/JimmyKimmel/370.jpg,3
split_Ori_Face/train/JimmyKimmel/472.jpg,3
split_Ori_Face/train/JimmyKimmel/124.jpg,3
split_Ori_Face/train/JimmyKimmel/486.jpg,3
split_Ori_Face/train/JimmyKimmel/3.jpg,3
split_Ori_Face/train/JimmyKimmel/446.jpg,3
split_Ori_Face/train/JimmyKimmel/232.jpg,3
split_Ori_Face/train/JimmyKimmel/282.jpg,3
split_Ori_Face/train/JimmyKimmel/521.jpg,3
split_Ori_Face/train/JimmyKimmel/347.jpg,3
split_Ori_Face/train/JimmyKimmel/346.jpg,3
split_Ori_Face/train/RaghuramRajan/253.jpg,4
split_Ori_Face/train/RaghuramRajan/98.jpg,4
split_Ori_Face/train/RaghuramRajan/56.jpg,4
split_Ori_Face/train/RaghuramRajan/64.jpg,4
split_Ori_Face/train/RaghuramRajan/190.jpg,4
split_Ori_Face/train/RaghuramRajan/191.jpg,4
split_Ori_Face/train/RaghuramRajan/57.jpg,4
split_Ori_Face/train/RaghuramRajan/26.jpg,4
split_Ori_Face/train/RaghuramRajan/192.jpg,4
split_Ori_Face/train/RaghuramRajan/199.jpg,4
split_Ori_Face/train/RaghuramRajan/213.jpg,4
split_Ori_Face/train/RaghuramRajan/153.jpg,4
split_Ori_Face/train/RaghuramRajan/86.jpg,4
split_Ori_Face/train/RaghuramRajan/6.jpg,4
split_Ori_Face/train/RaghuramRajan/227.jpg,4
split_Ori_Face/train/RaghuramRajan/89.jpg,4
split_Ori_Face/train/RaghuramRajan/79.jpg,4
split_Ori_Face/train/RaghuramRajan/176.jpg,4
split_Ori_Face/train/RaghuramRajan/216.jpg,4
split_Ori_Face/train/RaghuramRajan/34.jpg,4
split_Ori_Face/train/RaghuramRajan/91.jpg,4
split_Ori_Face/train/RaghuramRajan/217.jpg,4
split_Ori_Face/train/RaghuramRajan/100.jpg,4
split_Ori_Face/train/RaghuramRajan/16.jpg,4
split_Ori_Face/train/RaghuramRajan/145.jpg,4
split_Ori_Face/train/RaghuramRajan/42.jpg,4
split_Ori_Face/train/RaghuramRajan/139.jpg,4
split_Ori_Face/train/RaghuramRajan/106.jpg,4
split_Ori_Face/train/RaghuramRajan/88.jpg,4
split_Ori_Face/train/RaghuramRajan/54.jpg,4
split_Ori_Face/train/RaghuramRajan/167.jpg,4
split_Ori_Face/train/RaghuramRajan/131.jpg,4
split_Ori_Face/train/RaghuramRajan/39.jpg,4
split_Ori_Face/train/RaghuramRajan/128.jpg,4
split_Ori_Face/train/RaghuramRajan/76.jpg,4
split_Ori_Face/train/RaghuramRajan/203.jpg,4
split_Ori_Face/train/RaghuramRajan/173.jpg,4
split_Ori_Face/train/RaghuramRajan/74.jpg,4
split_Ori_Face/train/RaghuramRajan/53.jpg,4
split_Ori_Face/train/RaghuramRajan/143.jpg,4
split_Ori_Face/train/RaghuramRajan/236.jpg,4
split_Ori_Face/train/RaghuramRajan/224.jpg,4
split_Ori_Face/train/RaghuramRajan/204.jpg,4
split_Ori_Face/train/RaghuramRajan/252.jpg,4
split_Ori_Face/train/RaghuramRajan/159.jpg,4
split_Ori_Face/train/RaghuramRajan/105.jpg,4
split_Ori_Face/train/RaghuramRajan/61.jpg,4
split_Ori_Face/train/RaghuramRajan/99.jpg,4
split_Ori_Face/train/RaghuramRajan/104.jpg,4
split_Ori_Face/train/RaghuramRajan/93.jpg,4
split_Ori_Face/train/RaghuramRajan/138.jpg,4
split_Ori_Face/train/RaghuramRajan/126.jpg,4
split_Ori_Face/train/RaghuramRajan/62.jpg,4
split_Ori_Face/train/RaghuramRajan/87.jpg,4
split_Ori_Face/train/RaghuramRajan/258.jpg,4
split_Ori_Face/train/RaghuramRajan/250.jpg,4
split_Ori_Face/train/RaghuramRajan/206.jpg,4
split_Ori_Face/train/RaghuramRajan/155.jpg,4
split_Ori_Face/train/RaghuramRajan/212.jpg,4
split_Ori_Face/train/RaghuramRajan/112.jpg,4
split_Ori_Face/train/RaghuramRajan/222.jpg,4
split_Ori_Face/train/RaghuramRajan/183.jpg,4
split_Ori_Face/train/RaghuramRajan/82.jpg,4
split_Ori_Face/train/RaghuramRajan/129.jpg,4
split_Ori_Face/train/RaghuramRajan/35.jpg,4
split_Ori_Face/train/RaghuramRajan/178.jpg,4
split_Ori_Face/train/RaghuramRajan/195.jpg,4
split_Ori_Face/train/RaghuramRajan/59.jpg,4
split_Ori_Face/train/RaghuramRajan/13.jpg,4
split_Ori_Face/train/RaghuramRajan/245.jpg,4
split_Ori_Face/train/RaghuramRajan/207.jpg,4
split_Ori_Face/train/RaghuramRajan/247.jpg,4
split_Ori_Face/train/RaghuramRajan/0.jpg,4
split_Ori_Face/train/RaghuramRajan/177.jpg,4
split_Ori_Face/train/RaghuramRajan/116.jpg,4
split_Ori_Face/train/RaghuramRajan/219.jpg,4
split_Ori_Face/train/RaghuramRajan/211.jpg,4
split_Ori_Face/train/RaghuramRajan/214.jpg,4
split_Ori_Face/train/RaghuramRajan/234.jpg,4
split_Ori_Face/train/RaghuramRajan/44.jpg,4
split_Ori_Face/train/RaghuramRajan/121.jpg,4
split_Ori_Face/train/RaghuramRajan/240.jpg,4
split_Ori_Face/train/RaghuramRajan/90.jpg,4
split_Ori_Face/train/RaghuramRajan/119.jpg,4
split_Ori_Face/train/RaghuramRajan/233.jpg,4
split_Ori_Face/train/RaghuramRajan/200.jpg,4
split_Ori_Face/train/RaghuramRajan/248.jpg,4
split_Ori_Face/train/RaghuramRajan/107.jpg,4
split_Ori_Face/train/RaghuramRajan/243.jpg,4
split_Ori_Face/train/RaghuramRajan/123.jpg,4
split_Ori_Face/train/RaghuramRajan/256.jpg,4
split_Ori_Face/train/RaghuramRajan/25.jpg,4
split_Ori_Face/train/RaghuramRajan/77.jpg,4
split_Ori_Face/train/RaghuramRajan/133.jpg,4
split_Ori_Face/train/RaghuramRajan/229.jpg,4
split_Ori_Face/train/RaghuramRajan/37.jpg,4
split_Ori_Face/train/RaghuramRajan/45.jpg,4
split_Ori_Face/train/RaghuramRajan/255.jpg,4
split_Ori_Face/train/RaghuramRajan/242.jpg,4
split_Ori_Face/train/RaghuramRajan/85.jpg,4
split_Ori_Face/train/RaghuramRajan/197.jpg,4
split_Ori_Face/train/RaghuramRajan/84.jpg,4
split_Ori_Face/train/RaghuramRajan/165.jpg,4
split_Ori_Face/train/RaghuramRajan/43.jpg,4
split_Ori_Face/train/RaghuramRajan/141.jpg,4
split_Ori_Face/train/RaghuramRajan/5.jpg,4
split_Ori_Face/train/RaghuramRajan/95.jpg,4
split_Ori_Face/train/RaghuramRajan/8.jpg,4
split_Ori_Face/train/RaghuramRajan/161.jpg,4
split_Ori_Face/train/RaghuramRajan/73.jpg,4
split_Ori_Face/train/RaghuramRajan/49.jpg,4
split_Ori_Face/train/RaghuramRajan/237.jpg,4
split_Ori_Face/train/RaghuramRajan/68.jpg,4
split_Ori_Face/train/RaghuramRajan/136.jpg,4
split_Ori_Face/train/RaghuramRajan/15.jpg,4
split_Ori_Face/train/RaghuramRajan/168.jpg,4
split_Ori_Face/train/RaghuramRajan/83.jpg,4
split_Ori_Face/train/RaghuramRajan/218.jpg,4
split_Ori_Face/train/RaghuramRajan/4.jpg,4
split_Ori_Face/train/RaghuramRajan/120.jpg,4
split_Ori_Face/train/RaghuramRajan/63.jpg,4
split_Ori_Face/train/RaghuramRajan/225.jpg,4
split_Ori_Face/train/RaghuramRajan/78.jpg,4
split_Ori_Face/train/RaghuramRajan/92.jpg,4
split_Ori_Face/train/RaghuramRajan/18.jpg,4
split_Ori_Face/train/RaghuramRajan/23.jpg,4
split_Ori_Face/train/RaghuramRajan/36.jpg,4
split_Ori_Face/train/RaghuramRajan/196.jpg,4
split_Ori_Face/train/RaghuramRajan/12.jpg,4
split_Ori_Face/train/RaghuramRajan/124.jpg,4
split_Ori_Face/train/RaghuramRajan/154.jpg,4
split_Ori_Face/train/RaghuramRajan/172.jpg,4
split_Ori_Face/train/RaghuramRajan/249.jpg,4
split_Ori_Face/train/RaghuramRajan/232.jpg,4
split_Ori_Face/train/RaghuramRajan/94.jpg,4
split_Ori_Face/train/RaghuramRajan/238.jpg,4
split_Ori_Face/train/LeBronJames/253.jpg,5
split_Ori_Face/train/LeBronJames/98.jpg,5
split_Ori_Face/train/LeBronJames/549.jpg,5
split_Ori_Face/train/LeBronJames/56.jpg,5
split_Ori_Face/train/LeBronJames/597.jpg,5
split_Ori_Face/train/LeBronJames/51.jpg,5
split_Ori_Face/train/LeBronJames/321.jpg,5
split_Ori_Face/train/LeBronJames/182.jpg,5
split_Ori_Face/train/LeBronJames/314.jpg,5
split_Ori_Face/train/LeBronJames/71.jpg,5
split_Ori_Face/train/LeBronJames/556.jpg,5
split_Ori_Face/train/LeBronJames/21.jpg,5
split_Ori_Face/train/LeBronJames/431.jpg,5
split_Ori_Face/train/LeBronJames/125.jpg,5
split_Ori_Face/train/LeBronJames/544.jpg,5
split_Ori_Face/train/LeBronJames/392.jpg,5
split_Ori_Face/train/LeBronJames/294.jpg,5
split_Ori_Face/train/LeBronJames/217.jpg,5
split_Ori_Face/train/LeBronJames/100.jpg,5
split_Ori_Face/train/LeBronJames/445.jpg,5
split_Ori_Face/train/LeBronJames/42.jpg,5
split_Ori_Face/train/LeBronJames/88.jpg,5
split_Ori_Face/train/LeBronJames/527.jpg,5
split_Ori_Face/train/LeBronJames/394.jpg,5
split_Ori_Face/train/LeBronJames/180.jpg,5
split_Ori_Face/train/LeBronJames/395.jpg,5
split_Ori_Face/train/LeBronJames/131.jpg,5
split_Ori_Face/train/LeBronJames/503.jpg,5
split_Ori_Face/train/LeBronJames/75.jpg,5
split_Ori_Face/train/LeBronJames/166.jpg,5
split_Ori_Face/train/LeBronJames/74.jpg,5
split_Ori_Face/train/LeBronJames/48.jpg,5
split_Ori_Face/train/LeBronJames/291.jpg,5
split_Ori_Face/train/LeBronJames/283.jpg,5
split_Ori_Face/train/LeBronJames/402.jpg,5
split_Ori_Face/train/LeBronJames/582.jpg,5
split_Ori_Face/train/LeBronJames/118.jpg,5
split_Ori_Face/train/LeBronJames/331.jpg,5
split_Ori_Face/train/LeBronJames/309.jpg,5
split_Ori_Face/train/LeBronJames/201.jpg,5
split_Ori_Face/train/LeBronJames/235.jpg,5
split_Ori_Face/train/LeBronJames/126.jpg,5
split_Ori_Face/train/LeBronJames/526.jpg,5
split_Ori_Face/train/LeBronJames/135.jpg,5
split_Ori_Face/train/LeBronJames/112.jpg,5
split_Ori_Face/train/LeBronJames/170.jpg,5
split_Ori_Face/train/LeBronJames/183.jpg,5
split_Ori_Face/train/LeBronJames/375.jpg,5
split_Ori_Face/train/LeBronJames/479.jpg,5
split_Ori_Face/train/LeBronJames/491.jpg,5
split_Ori_Face/train/LeBronJames/351.jpg,5
split_Ori_Face/train/LeBronJames/207.jpg,5
split_Ori_Face/train/LeBronJames/228.jpg,5
split_Ori_Face/train/LeBronJames/303.jpg,5
split_Ori_Face/train/LeBronJames/116.jpg,5
split_Ori_Face/train/LeBronJames/471.jpg,5
split_Ori_Face/train/LeBronJames/519.jpg,5
split_Ori_Face/train/LeBronJames/515.jpg,5
split_Ori_Face/train/LeBronJames/41.jpg,5
split_Ori_Face/train/LeBronJames/390.jpg,5
split_Ori_Face/train/LeBronJames/214.jpg,5
split_Ori_Face/train/LeBronJames/119.jpg,5
split_Ori_Face/train/LeBronJames/551.jpg,5
split_Ori_Face/train/LeBronJames/449.jpg,5
split_Ori_Face/train/LeBronJames/569.jpg,5
split_Ori_Face/train/LeBronJames/96.jpg,5
split_Ori_Face/train/LeBronJames/427.jpg,5
split_Ori_Face/train/LeBronJames/109.jpg,5
split_Ori_Face/train/LeBronJames/233.jpg,5
split_Ori_Face/train/LeBronJames/300.jpg,5
split_Ori_Face/train/LeBronJames/407.jpg,5
split_Ori_Face/train/LeBronJames/439.jpg,5
split_Ori_Face/train/LeBronJames/311.jpg,5
split_Ori_Face/train/LeBronJames/296.jpg,5
split_Ori_Face/train/LeBronJames/315.jpg,5
split_Ori_Face/train/LeBronJames/376.jpg,5
split_Ori_Face/train/LeBronJames/504.jpg,5
split_Ori_Face/train/LeBronJames/164.jpg,5
split_Ori_Face/train/LeBronJames/542.jpg,5
split_Ori_Face/train/LeBronJames/160.jpg,5
split_Ori_Face/train/LeBronJames/32.jpg,5
split_Ori_Face/train/LeBronJames/186.jpg,5
split_Ori_Face/train/LeBronJames/37.jpg,5
split_Ori_Face/train/LeBronJames/267.jpg,5
split_Ori_Face/train/LeBronJames/532.jpg,5
split_Ori_Face/train/LeBronJames/113.jpg,5
split_Ori_Face/train/LeBronJames/335.jpg,5
split_Ori_Face/train/LeBronJames/590.jpg,5
split_Ori_Face/train/LeBronJames/353.jpg,5
split_Ori_Face/train/LeBronJames/197.jpg,5
split_Ori_Face/train/LeBronJames/410.jpg,5
split_Ori_Face/train/LeBronJames/43.jpg,5
split_Ori_Face/train/LeBronJames/271.jpg,5
split_Ori_Face/train/LeBronJames/401.jpg,5
split_Ori_Face/train/LeBronJames/546.jpg,5
split_Ori_Face/train/LeBronJames/38.jpg,5
split_Ori_Face/train/LeBronJames/363.jpg,5
split_Ori_Face/train/LeBronJames/310.jpg,5
split_Ori_Face/train/LeBronJames/280.jpg,5
split_Ori_Face/train/LeBronJames/60.jpg,5
split_Ori_Face/train/LeBronJames/454.jpg,5
split_Ori_Face/train/LeBronJames/297.jpg,5
split_Ori_Face/train/LeBronJames/477.jpg,5
split_Ori_Face/train/LeBronJames/462.jpg,5
split_Ori_Face/train/LeBronJames/316.jpg,5
split_Ori_Face/train/LeBronJames/409.jpg,5
split_Ori_Face/train/LeBronJames/579.jpg,5
split_Ori_Face/train/LeBronJames/459.jpg,5
split_Ori_Face/train/LeBronJames/495.jpg,5
split_Ori_Face/train/LeBronJames/325.jpg,5
split_Ori_Face/train/LeBronJames/322.jpg,5
split_Ori_Face/train/LeBronJames/18.jpg,5
split_Ori_Face/train/LeBronJames/81.jpg,5
split_Ori_Face/train/LeBronJames/36.jpg,5
split_Ori_Face/train/LeBronJames/587.jpg,5
split_Ori_Face/train/LeBronJames/162.jpg,5
split_Ori_Face/train/LeBronJames/448.jpg,5
split_Ori_Face/train/LeBronJames/346.jpg,5
split_Ori_Face/train/GeneralJamesMattis/209.jpg,6
split_Ori_Face/train/GeneralJamesMattis/98.jpg,6
split_Ori_Face/train/GeneralJamesMattis/17.jpg,6
split_Ori_Face/train/GeneralJamesMattis/313.jpg,6
split_Ori_Face/train/GeneralJamesMattis/337.jpg,6
split_Ori_Face/train/GeneralJamesMattis/199.jpg,6
split_Ori_Face/train/GeneralJamesMattis/11.jpg,6
split_Ori_Face/train/GeneralJamesMattis/213.jpg,6
split_Ori_Face/train/GeneralJamesMattis/284.jpg,6
split_Ori_Face/train/GeneralJamesMattis/239.jpg,6
split_Ori_Face/train/GeneralJamesMattis/305.jpg,6
split_Ori_Face/train/GeneralJamesMattis/176.jpg,6
split_Ori_Face/train/GeneralJamesMattis/392.jpg,6
split_Ori_Face/train/GeneralJamesMattis/294.jpg,6
split_Ori_Face/train/GeneralJamesMattis/175.jpg,6
split_Ori_Face/train/GeneralJamesMattis/29.jpg,6
split_Ori_Face/train/GeneralJamesMattis/16.jpg,6
split_Ori_Face/train/GeneralJamesMattis/106.jpg,6
split_Ori_Face/train/GeneralJamesMattis/350.jpg,6
split_Ori_Face/train/GeneralJamesMattis/156.jpg,6
split_Ori_Face/train/GeneralJamesMattis/30.jpg,6
split_Ori_Face/train/GeneralJamesMattis/354.jpg,6
split_Ori_Face/train/GeneralJamesMattis/395.jpg,6
split_Ori_Face/train/GeneralJamesMattis/39.jpg,6
split_Ori_Face/train/GeneralJamesMattis/128.jpg,6
split_Ori_Face/train/GeneralJamesMattis/134.jpg,6
split_Ori_Face/train/GeneralJamesMattis/130.jpg,6
split_Ori_Face/train/GeneralJamesMattis/74.jpg,6
split_Ori_Face/train/GeneralJamesMattis/52.jpg,6
split_Ori_Face/train/GeneralJamesMattis/252.jpg,6
split_Ori_Face/train/GeneralJamesMattis/72.jpg,6
split_Ori_Face/train/GeneralJamesMattis/298.jpg,6
split_Ori_Face/train/GeneralJamesMattis/263.jpg,6
split_Ori_Face/train/GeneralJamesMattis/118.jpg,6
split_Ori_Face/train/GeneralJamesMattis/331.jpg,6
split_Ori_Face/train/GeneralJamesMattis/105.jpg,6
split_Ori_Face/train/GeneralJamesMattis/40.jpg,6
split_Ori_Face/train/GeneralJamesMattis/309.jpg,6
split_Ori_Face/train/GeneralJamesMattis/344.jpg,6
split_Ori_Face/train/GeneralJamesMattis/99.jpg,6
split_Ori_Face/train/GeneralJamesMattis/93.jpg,6
split_Ori_Face/train/GeneralJamesMattis/46.jpg,6
split_Ori_Face/train/GeneralJamesMattis/264.jpg,6
split_Ori_Face/train/GeneralJamesMattis/357.jpg,6
split_Ori_Face/train/GeneralJamesMattis/101.jpg,6
split_Ori_Face/train/GeneralJamesMattis/272.jpg,6
split_Ori_Face/train/GeneralJamesMattis/258.jpg,6
split_Ori_Face/train/GeneralJamesMattis/250.jpg,6
split_Ori_Face/train/GeneralJamesMattis/155.jpg,6
split_Ori_Face/train/GeneralJamesMattis/171.jpg,6
split_Ori_Face/train/GeneralJamesMattis/170.jpg,6
split_Ori_Face/train/GeneralJamesMattis/386.jpg,6
split_Ori_Face/train/GeneralJamesMattis/59.jpg,6
split_Ori_Face/train/GeneralJamesMattis/387.jpg,6
split_Ori_Face/train/GeneralJamesMattis/351.jpg,6
split_Ori_Face/train/GeneralJamesMattis/245.jpg,6
split_Ori_Face/train/GeneralJamesMattis/275.jpg,6
split_Ori_Face/train/GeneralJamesMattis/41.jpg,6
split_Ori_Face/train/GeneralJamesMattis/390.jpg,6
split_Ori_Face/train/GeneralJamesMattis/306.jpg,6
split_Ori_Face/train/GeneralJamesMattis/121.jpg,6
split_Ori_Face/train/GeneralJamesMattis/339.jpg,6
split_Ori_Face/train/GeneralJamesMattis/327.jpg,6
split_Ori_Face/train/GeneralJamesMattis/188.jpg,6
split_Ori_Face/train/GeneralJamesMattis/364.jpg,6
split_Ori_Face/train/GeneralJamesMattis/311.jpg,6
split_Ori_Face/train/GeneralJamesMattis/296.jpg,6
split_Ori_Face/train/GeneralJamesMattis/248.jpg,6
split_Ori_Face/train/GeneralJamesMattis/2.jpg,6
split_Ori_Face/train/GeneralJamesMattis/164.jpg,6
split_Ori_Face/train/GeneralJamesMattis/349.jpg,6
split_Ori_Face/train/GeneralJamesMattis/123.jpg,6
split_Ori_Face/train/GeneralJamesMattis/22.jpg,6
split_Ori_Face/train/GeneralJamesMattis/186.jpg,6
split_Ori_Face/train/GeneralJamesMattis/147.jpg,6
split_Ori_Face/train/GeneralJamesMattis/133.jpg,6
split_Ori_Face/train/GeneralJamesMattis/27.jpg,6
split_Ori_Face/train/GeneralJamesMattis/229.jpg,6
split_Ori_Face/train/GeneralJamesMattis/37.jpg,6
split_Ori_Face/train/GeneralJamesMattis/267.jpg,6
split_Ori_Face/train/GeneralJamesMattis/367.jpg,6
split_Ori_Face/train/GeneralJamesMattis/28.jpg,6
split_Ori_Face/train/GeneralJamesMattis/393.jpg,6
split_Ori_Face/train/GeneralJamesMattis/108.jpg,6
split_Ori_Face/train/GeneralJamesMattis/374.jpg,6
split_Ori_Face/train/GeneralJamesMattis/353.jpg,6
split_Ori_Face/train/GeneralJamesMattis/66.jpg,6
split_Ori_Face/train/GeneralJamesMattis/102.jpg,6
split_Ori_Face/train/GeneralJamesMattis/237.jpg,6
split_Ori_Face/train/GeneralJamesMattis/68.jpg,6
split_Ori_Face/train/GeneralJamesMattis/136.jpg,6
split_Ori_Face/train/GeneralJamesMattis/15.jpg,6
split_Ori_Face/train/GeneralJamesMattis/83.jpg,6
split_Ori_Face/train/GeneralJamesMattis/225.jpg,6
split_Ori_Face/train/GeneralJamesMattis/9.jpg,6
split_Ori_Face/train/GeneralJamesMattis/127.jpg,6
split_Ori_Face/train/GeneralJamesMattis/158.jpg,6
split_Ori_Face/train/GeneralJamesMattis/36.jpg,6
split_Ori_Face/train/GeneralJamesMattis/196.jpg,6
split_Ori_Face/train/GeneralJamesMattis/238.jpg,6
split_Ori_Face/train/SherylSandberg/253.jpg,7
split_Ori_Face/train/SherylSandberg/432.jpg,7
split_Ori_Face/train/SherylSandberg/412.jpg,7
split_Ori_Face/train/SherylSandberg/434.jpg,7
split_Ori_Face/train/SherylSandberg/422.jpg,7
split_Ori_Face/train/SherylSandberg/372.jpg,7
split_Ori_Face/train/SherylSandberg/317.jpg,7
split_Ori_Face/train/SherylSandberg/17.jpg,7
split_Ori_Face/train/SherylSandberg/368.jpg,7
split_Ori_Face/train/SherylSandberg/80.jpg,7
split_Ori_Face/train/SherylSandberg/64.jpg,7
split_Ori_Face/train/SherylSandberg/190.jpg,7
split_Ori_Face/train/SherylSandberg/117.jpg,7
split_Ori_Face/train/SherylSandberg/321.jpg,7
split_Ori_Face/train/SherylSandberg/57.jpg,7
split_Ori_Face/train/SherylSandberg/260.jpg,7
split_Ori_Face/train/SherylSandberg/430.jpg,7
split_Ori_Face/train/SherylSandberg/279.jpg,7
split_Ori_Face/train/SherylSandberg/199.jpg,7
split_Ori_Face/train/SherylSandberg/198.jpg,7
split_Ori_Face/train/SherylSandberg/11.jpg,7
split_Ori_Face/train/SherylSandberg/329.jpg,7
split_Ori_Face/train/SherylSandberg/213.jpg,7
split_Ori_Face/train/SherylSandberg/429.jpg,7
split_Ori_Face/train/SherylSandberg/153.jpg,7
split_Ori_Face/train/SherylSandberg/6.jpg,7
split_Ori_Face/train/SherylSandberg/239.jpg,7
split_Ori_Face/train/SherylSandberg/71.jpg,7
split_Ori_Face/train/SherylSandberg/345.jpg,7
split_Ori_Face/train/SherylSandberg/257.jpg,7
split_Ori_Face/train/SherylSandberg/226.jpg,7
split_Ori_Face/train/SherylSandberg/305.jpg,7
split_Ori_Face/train/SherylSandberg/176.jpg,7
split_Ori_Face/train/SherylSandberg/34.jpg,7
split_Ori_Face/train/SherylSandberg/323.jpg,7
split_Ori_Face/train/SherylSandberg/392.jpg,7
split_Ori_Face/train/SherylSandberg/91.jpg,7
split_Ori_Face/train/SherylSandberg/312.jpg,7
split_Ori_Face/train/SherylSandberg/294.jpg,7
split_Ori_Face/train/SherylSandberg/175.jpg,7
split_Ori_Face/train/SherylSandberg/29.jpg,7
split_Ori_Face/train/SherylSandberg/217.jpg,7
split_Ori_Face/train/SherylSandberg/100.jpg,7
split_Ori_Face/train/SherylSandberg/276.jpg,7
split_Ori_Face/train/SherylSandberg/319.jpg,7
split_Ori_Face/train/SherylSandberg/137.jpg,7
split_Ori_Face/train/SherylSandberg/350.jpg,7
split_Ori_Face/train/SherylSandberg/54.jpg,7
split_Ori_Face/train/SherylSandberg/208.jpg,7
split_Ori_Face/train/SherylSandberg/246.jpg,7
split_Ori_Face/train/SherylSandberg/394.jpg,7
split_Ori_Face/train/SherylSandberg/131.jpg,7
split_Ori_Face/train/SherylSandberg/132.jpg,7
split_Ori_Face/train/SherylSandberg/369.jpg,7
split_Ori_Face/train/SherylSandberg/128.jpg,7
split_Ori_Face/train/SherylSandberg/251.jpg,7
split_Ori_Face/train/SherylSandberg/381.jpg,7
split_Ori_Face/train/SherylSandberg/203.jpg,7
split_Ori_Face/train/SherylSandberg/174.jpg,7
split_Ori_Face/train/SherylSandberg/356.jpg,7
split_Ori_Face/train/SherylSandberg/65.jpg,7
split_Ori_Face/train/SherylSandberg/288.jpg,7
split_Ori_Face/train/SherylSandberg/383.jpg,7
split_Ori_Face/train/SherylSandberg/143.jpg,7
split_Ori_Face/train/SherylSandberg/204.jpg,7
split_Ori_Face/train/SherylSandberg/72.jpg,7
split_Ori_Face/train/SherylSandberg/298.jpg,7
split_Ori_Face/train/SherylSandberg/360.jpg,7
split_Ori_Face/train/SherylSandberg/262.jpg,7
split_Ori_Face/train/SherylSandberg/157.jpg,7
split_Ori_Face/train/SherylSandberg/342.jpg,7
split_Ori_Face/train/SherylSandberg/159.jpg,7
split_Ori_Face/train/SherylSandberg/118.jpg,7
split_Ori_Face/train/SherylSandberg/331.jpg,7
split_Ori_Face/train/SherylSandberg/40.jpg,7
split_Ori_Face/train/SherylSandberg/261.jpg,7
split_Ori_Face/train/SherylSandberg/400.jpg,7
split_Ori_Face/train/SherylSandberg/201.jpg,7
split_Ori_Face/train/SherylSandberg/99.jpg,7
split_Ori_Face/train/SherylSandberg/19.jpg,7
split_Ori_Face/train/SherylSandberg/104.jpg,7
split_Ori_Face/train/SherylSandberg/220.jpg,7
split_Ori_Face/train/SherylSandberg/235.jpg,7
split_Ori_Face/train/SherylSandberg/138.jpg,7
split_Ori_Face/train/SherylSandberg/46.jpg,7
split_Ori_Face/train/SherylSandberg/286.jpg,7
split_Ori_Face/train/SherylSandberg/299.jpg,7
split_Ori_Face/train/SherylSandberg/126.jpg,7
split_Ori_Face/train/SherylSandberg/389.jpg,7
split_Ori_Face/train/SherylSandberg/148.jpg,7
split_Ori_Face/train/SherylSandberg/101.jpg,7
split_Ori_Face/train/SherylSandberg/340.jpg,7
split_Ori_Face/train/SherylSandberg/272.jpg,7
split_Ori_Face/train/SherylSandberg/250.jpg,7
split_Ori_Face/train/SherylSandberg/326.jpg,7
split_Ori_Face/train/SherylSandberg/135.jpg,7
split_Ori_Face/train/SherylSandberg/155.jpg,7
split_Ori_Face/train/SherylSandberg/212.jpg,7
split_Ori_Face/train/SherylSandberg/355.jpg,7
split_Ori_Face/train/SherylSandberg/222.jpg,7
split_Ori_Face/train/SherylSandberg/359.jpg,7
split_Ori_Face/train/SherylSandberg/386.jpg,7
split_Ori_Face/train/SherylSandberg/55.jpg,7
split_Ori_Face/train/SherylSandberg/129.jpg,7
split_Ori_Face/train/SherylSandberg/254.jpg,7
split_Ori_Face/train/SherylSandberg/185.jpg,7
split_Ori_Face/train/SherylSandberg/375.jpg,7
split_Ori_Face/train/SherylSandberg/35.jpg,7
split_Ori_Face/train/SherylSandberg/178.jpg,7
split_Ori_Face/train/SherylSandberg/140.jpg,7
split_Ori_Face/train/SherylSandberg/59.jpg,7
split_Ori_Face/train/SherylSandberg/387.jpg,7
split_Ori_Face/train/SherylSandberg/351.jpg,7
split_Ori_Face/train/SherylSandberg/245.jpg,7
split_Ori_Face/train/SherylSandberg/111.jpg,7
split_Ori_Face/train/SherylSandberg/247.jpg,7
split_Ori_Face/train/SherylSandberg/24.jpg,7
split_Ori_Face/train/SherylSandberg/417.jpg,7
split_Ori_Face/train/SherylSandberg/205.jpg,7
split_Ori_Face/train/SherylSandberg/303.jpg,7
split_Ori_Face/train/SherylSandberg/177.jpg,7
split_Ori_Face/train/SherylSandberg/116.jpg,7
split_Ori_Face/train/SherylSandberg/146.jpg,7
split_Ori_Face/train/SherylSandberg/384.jpg,7
split_Ori_Face/train/SherylSandberg/41.jpg,7
split_Ori_Face/train/SherylSandberg/390.jpg,7
split_Ori_Face/train/SherylSandberg/306.jpg,7
split_Ori_Face/train/SherylSandberg/211.jpg,7
split_Ori_Face/train/SherylSandberg/278.jpg,7
split_Ori_Face/train/SherylSandberg/44.jpg,7
split_Ori_Face/train/SherylSandberg/240.jpg,7
split_Ori_Face/train/SherylSandberg/327.jpg,7
split_Ori_Face/train/SherylSandberg/90.jpg,7
split_Ori_Face/train/SherylSandberg/289.jpg,7
split_Ori_Face/train/SherylSandberg/405.jpg,7
split_Ori_Face/train/SherylSandberg/421.jpg,7
split_Ori_Face/train/SherylSandberg/277.jpg,7
split_Ori_Face/train/SherylSandberg/377.jpg,7
split_Ori_Face/train/SherylSandberg/300.jpg,7
split_Ori_Face/train/SherylSandberg/188.jpg,7
split_Ori_Face/train/SherylSandberg/333.jpg,7
split_Ori_Face/train/SherylSandberg/223.jpg,7
split_Ori_Face/train/SherylSandberg/14.jpg,7
split_Ori_Face/train/SherylSandberg/330.jpg,7
split_Ori_Face/train/SherylSandberg/110.jpg,7
split_Ori_Face/train/SherylSandberg/97.jpg,7
split_Ori_Face/train/SherylSandberg/311.jpg,7
split_Ori_Face/train/SherylSandberg/296.jpg,7
split_Ori_Face/train/SherylSandberg/2.jpg,7
split_Ori_Face/train/SherylSandberg/107.jpg,7
split_Ori_Face/train/SherylSandberg/243.jpg,7
split_Ori_Face/train/SherylSandberg/123.jpg,7
split_Ori_Face/train/SherylSandberg/22.jpg,7
split_Ori_Face/train/SherylSandberg/256.jpg,7
split_Ori_Face/train/SherylSandberg/285.jpg,7
split_Ori_Face/train/SherylSandberg/25.jpg,7
split_Ori_Face/train/SherylSandberg/47.jpg,7
split_Ori_Face/train/SherylSandberg/32.jpg,7
split_Ori_Face/train/SherylSandberg/186.jpg,7
split_Ori_Face/train/SherylSandberg/215.jpg,7
split_Ori_Face/train/SherylSandberg/147.jpg,7
split_Ori_Face/train/SherylSandberg/27.jpg,7
split_Ori_Face/train/SherylSandberg/229.jpg,7
split_Ori_Face/train/SherylSandberg/293.jpg,7
split_Ori_Face/train/SherylSandberg/367.jpg,7
split_Ori_Face/train/SherylSandberg/255.jpg,7
split_Ori_Face/train/SherylSandberg/335.jpg,7
split_Ori_Face/train/SherylSandberg/416.jpg,7
split_Ori_Face/train/SherylSandberg/28.jpg,7
split_Ori_Face/train/SherylSandberg/242.jpg,7
split_Ori_Face/train/SherylSandberg/108.jpg,7
split_Ori_Face/train/SherylSandberg/85.jpg,7
split_Ori_Face/train/SherylSandberg/374.jpg,7
split_Ori_Face/train/SherylSandberg/353.jpg,7
split_Ori_Face/train/SherylSandberg/197.jpg,7
split_Ori_Face/train/SherylSandberg/410.jpg,7
split_Ori_Face/train/SherylSandberg/84.jpg,7
split_Ori_Face/train/SherylSandberg/165.jpg,7
split_Ori_Face/train/SherylSandberg/271.jpg,7
split_Ori_Face/train/SherylSandberg/401.jpg,7
split_Ori_Face/train/SherylSandberg/95.jpg,7
split_Ori_Face/train/SherylSandberg/308.jpg,7
split_Ori_Face/train/SherylSandberg/8.jpg,7
split_Ori_Face/train/SherylSandberg/230.jpg,7
split_Ori_Face/train/SherylSandberg/363.jpg,7
split_Ori_Face/train/SherylSandberg/310.jpg,7
split_Ori_Face/train/SherylSandberg/292.jpg,7
split_Ori_Face/train/SherylSandberg/73.jpg,7
split_Ori_Face/train/SherylSandberg/280.jpg,7
split_Ori_Face/train/SherylSandberg/49.jpg,7
split_Ori_Face/train/SherylSandberg/60.jpg,7
split_Ori_Face/train/SherylSandberg/237.jpg,7
split_Ori_Face/train/SherylSandberg/68.jpg,7
split_Ori_Face/train/SherylSandberg/136.jpg,7
split_Ori_Face/train/SherylSandberg/15.jpg,7
split_Ori_Face/train/SherylSandberg/297.jpg,7
split_Ori_Face/train/SherylSandberg/366.jpg,7
split_Ori_Face/train/SherylSandberg/391.jpg,7
split_Ori_Face/train/SherylSandberg/210.jpg,7
split_Ori_Face/train/SherylSandberg/302.jpg,7
split_Ori_Face/train/SherylSandberg/304.jpg,7
split_Ori_Face/train/SherylSandberg/83.jpg,7
split_Ori_Face/train/SherylSandberg/218.jpg,7
split_Ori_Face/train/SherylSandberg/187.jpg,7
split_Ori_Face/train/SherylSandberg/348.jpg,7
split_Ori_Face/train/SherylSandberg/4.jpg,7
split_Ori_Face/train/SherylSandberg/265.jpg,7
split_Ori_Face/train/SherylSandberg/268.jpg,7
split_Ori_Face/train/SherylSandberg/63.jpg,7
split_Ori_Face/train/SherylSandberg/424.jpg,7
split_Ori_Face/train/SherylSandberg/225.jpg,7
split_Ori_Face/train/SherylSandberg/78.jpg,7
split_Ori_Face/train/SherylSandberg/193.jpg,7
split_Ori_Face/train/SherylSandberg/9.jpg,7
split_Ori_Face/train/SherylSandberg/127.jpg,7
split_Ori_Face/train/SherylSandberg/362.jpg,7
split_Ori_Face/train/SherylSandberg/81.jpg,7
split_Ori_Face/train/SherylSandberg/370.jpg,7
split_Ori_Face/train/SherylSandberg/189.jpg,7
split_Ori_Face/train/SherylSandberg/12.jpg,7
split_Ori_Face/train/SherylSandberg/420.jpg,7
split_Ori_Face/train/SherylSandberg/249.jpg,7
split_Ori_Face/train/SherylSandberg/70.jpg,7
split_Ori_Face/train/SherylSandberg/352.jpg,7
split_Ori_Face/train/SherylSandberg/259.jpg,7
split_Ori_Face/train/SherylSandberg/232.jpg,7
split_Ori_Face/train/SherylSandberg/282.jpg,7
split_Ori_Face/train/SherylSandberg/324.jpg,7
split_Ori_Face/train/SherylSandberg/238.jpg,7
split_Ori_Face/train/MellodyHobson/253.jpg,8
split_Ori_Face/train/MellodyHobson/80.jpg,8
split_Ori_Face/train/MellodyHobson/190.jpg,8
split_Ori_Face/train/MellodyHobson/191.jpg,8
split_Ori_Face/train/MellodyHobson/260.jpg,8
split_Ori_Face/train/MellodyHobson/213.jpg,8
split_Ori_Face/train/MellodyHobson/153.jpg,8
split_Ori_Face/train/MellodyHobson/284.jpg,8
split_Ori_Face/train/MellodyHobson/227.jpg,8
split_Ori_Face/train/MellodyHobson/10.jpg,8
split_Ori_Face/train/MellodyHobson/125.jpg,8
split_Ori_Face/train/MellodyHobson/226.jpg,8
split_Ori_Face/train/MellodyHobson/34.jpg,8
split_Ori_Face/train/MellodyHobson/152.jpg,8
split_Ori_Face/train/MellodyHobson/91.jpg,8
split_Ori_Face/train/MellodyHobson/144.jpg,8
split_Ori_Face/train/MellodyHobson/106.jpg,8
split_Ori_Face/train/MellodyHobson/246.jpg,8
split_Ori_Face/train/MellodyHobson/167.jpg,8
split_Ori_Face/train/MellodyHobson/131.jpg,8
split_Ori_Face/train/MellodyHobson/39.jpg,8
split_Ori_Face/train/MellodyHobson/181.jpg,8
split_Ori_Face/train/MellodyHobson/202.jpg,8
split_Ori_Face/train/MellodyHobson/130.jpg,8
split_Ori_Face/train/MellodyHobson/74.jpg,8
split_Ori_Face/train/MellodyHobson/53.jpg,8
split_Ori_Face/train/MellodyHobson/48.jpg,8
split_Ori_Face/train/MellodyHobson/143.jpg,8
split_Ori_Face/train/MellodyHobson/283.jpg,8
split_Ori_Face/train/MellodyHobson/204.jpg,8
split_Ori_Face/train/MellodyHobson/159.jpg,8
split_Ori_Face/train/MellodyHobson/261.jpg,8
split_Ori_Face/train/MellodyHobson/201.jpg,8
split_Ori_Face/train/MellodyHobson/61.jpg,8
split_Ori_Face/train/MellodyHobson/99.jpg,8
split_Ori_Face/train/MellodyHobson/19.jpg,8
split_Ori_Face/train/MellodyHobson/220.jpg,8
split_Ori_Face/train/MellodyHobson/93.jpg,8
split_Ori_Face/train/MellodyHobson/264.jpg,8
split_Ori_Face/train/MellodyHobson/148.jpg,8
split_Ori_Face/train/MellodyHobson/62.jpg,8
split_Ori_Face/train/MellodyHobson/87.jpg,8
split_Ori_Face/train/MellodyHobson/163.jpg,8
split_Ori_Face/train/MellodyHobson/55.jpg,8
split_Ori_Face/train/MellodyHobson/183.jpg,8
split_Ori_Face/train/MellodyHobson/82.jpg,8
split_Ori_Face/train/MellodyHobson/129.jpg,8
split_Ori_Face/train/MellodyHobson/266.jpg,8
split_Ori_Face/train/MellodyHobson/185.jpg,8
split_Ori_Face/train/MellodyHobson/140.jpg,8
split_Ori_Face/train/MellodyHobson/221.jpg,8
split_Ori_Face/train/MellodyHobson/24.jpg,8
split_Ori_Face/train/MellodyHobson/0.jpg,8
split_Ori_Face/train/MellodyHobson/116.jpg,8
split_Ori_Face/train/MellodyHobson/44.jpg,8
split_Ori_Face/train/MellodyHobson/121.jpg,8
split_Ori_Face/train/MellodyHobson/240.jpg,8
split_Ori_Face/train/MellodyHobson/184.jpg,8
split_Ori_Face/train/MellodyHobson/277.jpg,8
split_Ori_Face/train/MellodyHobson/96.jpg,8
split_Ori_Face/train/MellodyHobson/110.jpg,8
split_Ori_Face/train/MellodyHobson/97.jpg,8
split_Ori_Face/train/MellodyHobson/200.jpg,8
split_Ori_Face/train/MellodyHobson/20.jpg,8
split_Ori_Face/train/MellodyHobson/2.jpg,8
split_Ori_Face/train/MellodyHobson/160.jpg,8
split_Ori_Face/train/MellodyHobson/27.jpg,8
split_Ori_Face/train/MellodyHobson/37.jpg,8
split_Ori_Face/train/MellodyHobson/45.jpg,8
split_Ori_Face/train/MellodyHobson/142.jpg,8
split_Ori_Face/train/MellodyHobson/197.jpg,8
split_Ori_Face/train/MellodyHobson/43.jpg,8
split_Ori_Face/train/MellodyHobson/50.jpg,8
split_Ori_Face/train/MellodyHobson/73.jpg,8
split_Ori_Face/train/MellodyHobson/66.jpg,8
split_Ori_Face/train/MellodyHobson/102.jpg,8
split_Ori_Face/train/MellodyHobson/168.jpg,8
split_Ori_Face/train/MellodyHobson/210.jpg,8
split_Ori_Face/train/MellodyHobson/169.jpg,8
split_Ori_Face/train/MellodyHobson/244.jpg,8
split_Ori_Face/train/MellodyHobson/265.jpg,8
split_Ori_Face/train/MellodyHobson/268.jpg,8
split_Ori_Face/train/MellodyHobson/193.jpg,8
split_Ori_Face/train/MellodyHobson/9.jpg,8
split_Ori_Face/train/MellodyHobson/127.jpg,8
split_Ori_Face/train/MellodyHobson/270.jpg,8
split_Ori_Face/train/MellodyHobson/196.jpg,8
split_Ori_Face/train/MellodyHobson/124.jpg,8
split_Ori_Face/train/MellodyHobson/154.jpg,8
split_Ori_Face/train/MellodyHobson/172.jpg,8
split_Ori_Face/train/MellodyHobson/3.jpg,8
split_Ori_Face/train/AvaDuVernay/209.jpg,9
split_Ori_Face/train/AvaDuVernay/114.jpg,9
split_Ori_Face/train/AvaDuVernay/241.jpg,9
split_Ori_Face/train/AvaDuVernay/432.jpg,9
split_Ori_Face/train/AvaDuVernay/412.jpg,9
split_Ori_Face/train/AvaDuVernay/434.jpg,9
split_Ori_Face/train/AvaDuVernay/422.jpg,9
split_Ori_Face/train/AvaDuVernay/368.jpg,9
split_Ori_Face/train/AvaDuVernay/313.jpg,9
split_Ori_Face/train/AvaDuVernay/56.jpg,9
split_Ori_Face/train/AvaDuVernay/190.jpg,9
split_Ori_Face/train/AvaDuVernay/456.jpg,9
split_Ori_Face/train/AvaDuVernay/295.jpg,9
split_Ori_Face/train/AvaDuVernay/365.jpg,9
split_Ori_Face/train/AvaDuVernay/321.jpg,9
split_Ori_Face/train/AvaDuVernay/57.jpg,9
split_Ori_Face/train/AvaDuVernay/273.jpg,9
split_Ori_Face/train/AvaDuVernay/26.jpg,9
split_Ori_Face/train/AvaDuVernay/428.jpg,9
split_Ori_Face/train/AvaDuVernay/199.jpg,9
split_Ori_Face/train/AvaDuVernay/198.jpg,9
split_Ori_Face/train/AvaDuVernay/11.jpg,9
split_Ori_Face/train/AvaDuVernay/332.jpg,9
split_Ori_Face/train/AvaDuVernay/329.jpg,9
split_Ori_Face/train/AvaDuVernay/213.jpg,9
split_Ori_Face/train/AvaDuVernay/69.jpg,9
split_Ori_Face/train/AvaDuVernay/153.jpg,9
split_Ori_Face/train/AvaDuVernay/149.jpg,9
split_Ori_Face/train/AvaDuVernay/281.jpg,9
split_Ori_Face/train/AvaDuVernay/86.jpg,9
split_Ori_Face/train/AvaDuVernay/227.jpg,9
split_Ori_Face/train/AvaDuVernay/89.jpg,9
split_Ori_Face/train/AvaDuVernay/239.jpg,9
split_Ori_Face/train/AvaDuVernay/71.jpg,9
split_Ori_Face/train/AvaDuVernay/10.jpg,9
split_Ori_Face/train/AvaDuVernay/21.jpg,9
split_Ori_Face/train/AvaDuVernay/431.jpg,9
split_Ori_Face/train/AvaDuVernay/345.jpg,9
split_Ori_Face/train/AvaDuVernay/257.jpg,9
split_Ori_Face/train/AvaDuVernay/305.jpg,9
split_Ori_Face/train/AvaDuVernay/216.jpg,9
split_Ori_Face/train/AvaDuVernay/323.jpg,9
split_Ori_Face/train/AvaDuVernay/392.jpg,9
split_Ori_Face/train/AvaDuVernay/152.jpg,9
split_Ori_Face/train/AvaDuVernay/312.jpg,9
split_Ori_Face/train/AvaDuVernay/29.jpg,9
split_Ori_Face/train/AvaDuVernay/217.jpg,9
split_Ori_Face/train/AvaDuVernay/100.jpg,9
split_Ori_Face/train/AvaDuVernay/378.jpg,9
split_Ori_Face/train/AvaDuVernay/145.jpg,9
split_Ori_Face/train/AvaDuVernay/144.jpg,9
split_Ori_Face/train/AvaDuVernay/319.jpg,9
split_Ori_Face/train/AvaDuVernay/139.jpg,9
split_Ori_Face/train/AvaDuVernay/450.jpg,9
split_Ori_Face/train/AvaDuVernay/208.jpg,9
split_Ori_Face/train/AvaDuVernay/246.jpg,9
split_Ori_Face/train/AvaDuVernay/115.jpg,9
split_Ori_Face/train/AvaDuVernay/394.jpg,9
split_Ori_Face/train/AvaDuVernay/354.jpg,9
split_Ori_Face/train/AvaDuVernay/167.jpg,9
split_Ori_Face/train/AvaDuVernay/369.jpg,9
split_Ori_Face/train/AvaDuVernay/134.jpg,9
split_Ori_Face/train/AvaDuVernay/181.jpg,9
split_Ori_Face/train/AvaDuVernay/202.jpg,9
split_Ori_Face/train/AvaDuVernay/76.jpg,9
split_Ori_Face/train/AvaDuVernay/130.jpg,9
split_Ori_Face/train/AvaDuVernay/381.jpg,9
split_Ori_Face/train/AvaDuVernay/166.jpg,9
split_Ori_Face/train/AvaDuVernay/174.jpg,9
split_Ori_Face/train/AvaDuVernay/74.jpg,9
split_Ori_Face/train/AvaDuVernay/52.jpg,9
split_Ori_Face/train/AvaDuVernay/53.jpg,9
split_Ori_Face/train/AvaDuVernay/143.jpg,9
split_Ori_Face/train/AvaDuVernay/236.jpg,9
split_Ori_Face/train/AvaDuVernay/224.jpg,9
split_Ori_Face/train/AvaDuVernay/436.jpg,9
split_Ori_Face/train/AvaDuVernay/204.jpg,9
split_Ori_Face/train/AvaDuVernay/269.jpg,9
split_Ori_Face/train/AvaDuVernay/72.jpg,9
split_Ori_Face/train/AvaDuVernay/298.jpg,9
split_Ori_Face/train/AvaDuVernay/307.jpg,9
split_Ori_Face/train/AvaDuVernay/262.jpg,9
split_Ori_Face/train/AvaDuVernay/342.jpg,9
split_Ori_Face/train/AvaDuVernay/159.jpg,9
split_Ori_Face/train/AvaDuVernay/118.jpg,9
split_Ori_Face/train/AvaDuVernay/105.jpg,9
split_Ori_Face/train/AvaDuVernay/309.jpg,9
split_Ori_Face/train/AvaDuVernay/400.jpg,9
split_Ori_Face/train/AvaDuVernay/201.jpg,9
split_Ori_Face/train/AvaDuVernay/341.jpg,9
split_Ori_Face/train/AvaDuVernay/19.jpg,9
split_Ori_Face/train/AvaDuVernay/220.jpg,9
split_Ori_Face/train/AvaDuVernay/231.jpg,9
split_Ori_Face/train/AvaDuVernay/46.jpg,9
split_Ori_Face/train/AvaDuVernay/264.jpg,9
split_Ori_Face/train/AvaDuVernay/419.jpg,9
split_Ori_Face/train/AvaDuVernay/286.jpg,9
split_Ori_Face/train/AvaDuVernay/299.jpg,9
split_Ori_Face/train/AvaDuVernay/388.jpg,9
split_Ori_Face/train/AvaDuVernay/126.jpg,9
split_Ori_Face/train/AvaDuVernay/122.jpg,9
split_Ori_Face/train/AvaDuVernay/148.jpg,9
split_Ori_Face/train/AvaDuVernay/62.jpg,9
split_Ori_Face/train/AvaDuVernay/87.jpg,9
split_Ori_Face/train/AvaDuVernay/163.jpg,9
split_Ori_Face/train/AvaDuVernay/258.jpg,9
split_Ori_Face/train/AvaDuVernay/326.jpg,9
split_Ori_Face/train/AvaDuVernay/155.jpg,9
split_Ori_Face/train/AvaDuVernay/212.jpg,9
split_Ori_Face/train/AvaDuVernay/171.jpg,9
split_Ori_Face/train/AvaDuVernay/355.jpg,9
split_Ori_Face/train/AvaDuVernay/170.jpg,9
split_Ori_Face/train/AvaDuVernay/222.jpg,9
split_Ori_Face/train/AvaDuVernay/359.jpg,9
split_Ori_Face/train/AvaDuVernay/55.jpg,9
split_Ori_Face/train/AvaDuVernay/183.jpg,9
split_Ori_Face/train/AvaDuVernay/266.jpg,9
split_Ori_Face/train/AvaDuVernay/440.jpg,9
split_Ori_Face/train/AvaDuVernay/35.jpg,9
split_Ori_Face/train/AvaDuVernay/140.jpg,9
split_Ori_Face/train/AvaDuVernay/59.jpg,9
split_Ori_Face/train/AvaDuVernay/387.jpg,9
split_Ori_Face/train/AvaDuVernay/13.jpg,9
split_Ori_Face/train/AvaDuVernay/351.jpg,9
split_Ori_Face/train/AvaDuVernay/228.jpg,9
split_Ori_Face/train/AvaDuVernay/221.jpg,9
split_Ori_Face/train/AvaDuVernay/24.jpg,9
split_Ori_Face/train/AvaDuVernay/0.jpg,9
split_Ori_Face/train/AvaDuVernay/205.jpg,9
split_Ori_Face/train/AvaDuVernay/336.jpg,9
split_Ori_Face/train/AvaDuVernay/275.jpg,9
split_Ori_Face/train/AvaDuVernay/177.jpg,9
split_Ori_Face/train/AvaDuVernay/116.jpg,9
split_Ori_Face/train/AvaDuVernay/438.jpg,9
split_Ori_Face/train/AvaDuVernay/219.jpg,9
split_Ori_Face/train/AvaDuVernay/382.jpg,9
split_Ori_Face/train/AvaDuVernay/287.jpg,9
split_Ori_Face/train/AvaDuVernay/41.jpg,9
split_Ori_Face/train/AvaDuVernay/390.jpg,9
split_Ori_Face/train/AvaDuVernay/306.jpg,9
split_Ori_Face/train/AvaDuVernay/211.jpg,9
split_Ori_Face/train/AvaDuVernay/278.jpg,9
split_Ori_Face/train/AvaDuVernay/44.jpg,9
split_Ori_Face/train/AvaDuVernay/121.jpg,9
split_Ori_Face/train/AvaDuVernay/455.jpg,9
split_Ori_Face/train/AvaDuVernay/90.jpg,9
split_Ori_Face/train/AvaDuVernay/119.jpg,9
split_Ori_Face/train/AvaDuVernay/405.jpg,9
split_Ori_Face/train/AvaDuVernay/184.jpg,9
split_Ori_Face/train/AvaDuVernay/96.jpg,9
split_Ori_Face/train/AvaDuVernay/377.jpg,9
split_Ori_Face/train/AvaDuVernay/233.jpg,9
split_Ori_Face/train/AvaDuVernay/371.jpg,9
split_Ori_Face/train/AvaDuVernay/300.jpg,9
split_Ori_Face/train/AvaDuVernay/188.jpg,9
split_Ori_Face/train/AvaDuVernay/398.jpg,9
split_Ori_Face/train/AvaDuVernay/407.jpg,9
split_Ori_Face/train/AvaDuVernay/379.jpg,9
split_Ori_Face/train/AvaDuVernay/330.jpg,9
split_Ori_Face/train/AvaDuVernay/364.jpg,9
split_Ori_Face/train/AvaDuVernay/439.jpg,9
split_Ori_Face/train/AvaDuVernay/97.jpg,9
split_Ori_Face/train/AvaDuVernay/200.jpg,9
split_Ori_Face/train/AvaDuVernay/296.jpg,9
split_Ori_Face/train/AvaDuVernay/452.jpg,9
split_Ori_Face/train/AvaDuVernay/315.jpg,9
split_Ori_Face/train/AvaDuVernay/164.jpg,9
split_Ori_Face/train/AvaDuVernay/107.jpg,9
split_Ori_Face/train/AvaDuVernay/243.jpg,9
split_Ori_Face/train/AvaDuVernay/349.jpg,9
split_Ori_Face/train/AvaDuVernay/256.jpg,9
split_Ori_Face/train/AvaDuVernay/285.jpg,9
split_Ori_Face/train/AvaDuVernay/25.jpg,9
split_Ori_Face/train/AvaDuVernay/385.jpg,9
split_Ori_Face/train/AvaDuVernay/77.jpg,9
split_Ori_Face/train/AvaDuVernay/31.jpg,9
split_Ori_Face/train/AvaDuVernay/133.jpg,9
split_Ori_Face/train/AvaDuVernay/27.jpg,9
split_Ori_Face/train/AvaDuVernay/229.jpg,9
split_Ori_Face/train/AvaDuVernay/293.jpg,9
split_Ori_Face/train/AvaDuVernay/451.jpg,9
split_Ori_Face/train/AvaDuVernay/267.jpg,9
split_Ori_Face/train/AvaDuVernay/367.jpg,9
split_Ori_Face/train/AvaDuVernay/255.jpg,9
split_Ori_Face/train/AvaDuVernay/335.jpg,9
split_Ori_Face/train/AvaDuVernay/28.jpg,9
split_Ori_Face/train/AvaDuVernay/108.jpg,9
split_Ori_Face/train/AvaDuVernay/103.jpg,9
split_Ori_Face/train/AvaDuVernay/374.jpg,9
split_Ori_Face/train/AvaDuVernay/410.jpg,9
split_Ori_Face/train/AvaDuVernay/84.jpg,9
split_Ori_Face/train/AvaDuVernay/165.jpg,9
split_Ori_Face/train/AvaDuVernay/271.jpg,9
split_Ori_Face/train/AvaDuVernay/141.jpg,9
split_Ori_Face/train/AvaDuVernay/95.jpg,9
split_Ori_Face/train/AvaDuVernay/230.jpg,9
split_Ori_Face/train/AvaDuVernay/179.jpg,9
split_Ori_Face/train/AvaDuVernay/363.jpg,9
split_Ori_Face/train/AvaDuVernay/194.jpg,9
split_Ori_Face/train/AvaDuVernay/458.jpg,9
split_Ori_Face/train/AvaDuVernay/310.jpg,9
split_Ori_Face/train/AvaDuVernay/73.jpg,9
split_Ori_Face/train/AvaDuVernay/280.jpg,9
split_Ori_Face/train/AvaDuVernay/404.jpg,9
split_Ori_Face/train/AvaDuVernay/58.jpg,9
split_Ori_Face/train/AvaDuVernay/60.jpg,9
split_Ori_Face/train/AvaDuVernay/454.jpg,9
split_Ori_Face/train/AvaDuVernay/68.jpg,9
split_Ori_Face/train/AvaDuVernay/136.jpg,9
split_Ori_Face/train/AvaDuVernay/366.jpg,9
split_Ori_Face/train/AvaDuVernay/391.jpg,9
split_Ori_Face/train/AvaDuVernay/210.jpg,9
split_Ori_Face/train/AvaDuVernay/150.jpg,9
split_Ori_Face/train/AvaDuVernay/343.jpg,9
split_Ori_Face/train/AvaDuVernay/304.jpg,9
split_Ori_Face/train/AvaDuVernay/409.jpg,9
split_Ori_Face/train/AvaDuVernay/83.jpg,9
split_Ori_Face/train/AvaDuVernay/218.jpg,9
split_Ori_Face/train/AvaDuVernay/348.jpg,9
split_Ori_Face/train/AvaDuVernay/4.jpg,9
split_Ori_Face/train/AvaDuVernay/120.jpg,9
split_Ori_Face/train/AvaDuVernay/459.jpg,9
split_Ori_Face/train/AvaDuVernay/423.jpg,9
split_Ori_Face/train/AvaDuVernay/225.jpg,9
split_Ori_Face/train/AvaDuVernay/193.jpg,9
split_Ori_Face/train/AvaDuVernay/322.jpg,9
split_Ori_Face/train/AvaDuVernay/9.jpg,9
split_Ori_Face/train/AvaDuVernay/127.jpg,9
split_Ori_Face/train/AvaDuVernay/81.jpg,9
split_Ori_Face/train/AvaDuVernay/23.jpg,9
split_Ori_Face/train/AvaDuVernay/270.jpg,9
split_Ori_Face/train/AvaDuVernay/189.jpg,9
split_Ori_Face/train/AvaDuVernay/196.jpg,9
split_Ori_Face/train/AvaDuVernay/162.jpg,9
split_Ori_Face/train/AvaDuVernay/124.jpg,9
split_Ori_Face/train/AvaDuVernay/154.jpg,9
split_Ori_Face/train/AvaDuVernay/70.jpg,9
split_Ori_Face/train/AvaDuVernay/448.jpg,9
split_Ori_Face/train/AvaDuVernay/446.jpg,9
split_Ori_Face/train/AvaDuVernay/232.jpg,9
split_Ori_Face/train/AvaDuVernay/282.jpg,9
split_Ori_Face/train/AvaDuVernay/457.jpg,9
split_Ori_Face/train/AvaDuVernay/347.jpg,9
split_Ori_Face/train/AvaDuVernay/324.jpg,9
split_Ori_Face/train/AvaDuVernay/238.jpg,9
split_Ori_Face/train/AvaDuVernay/346.jpg,9
split_Ori_Face/train/JayZ/534.jpg,10
split_Ori_Face/train/JayZ/334.jpg,10
split_Ori_Face/train/JayZ/98.jpg,10
split_Ori_Face/train/JayZ/464.jpg,10
split_Ori_Face/train/JayZ/492.jpg,10
split_Ori_Face/train/JayZ/456.jpg,10
split_Ori_Face/train/JayZ/117.jpg,10
split_Ori_Face/train/JayZ/461.jpg,10
split_Ori_Face/train/JayZ/522.jpg,10
split_Ori_Face/train/JayZ/320.jpg,10
split_Ori_Face/train/JayZ/281.jpg,10
split_Ori_Face/train/JayZ/86.jpg,10
split_Ori_Face/train/JayZ/239.jpg,10
split_Ori_Face/train/JayZ/319.jpg,10
split_Ori_Face/train/JayZ/350.jpg,10
split_Ori_Face/train/JayZ/394.jpg,10
split_Ori_Face/train/JayZ/465.jpg,10
split_Ori_Face/train/JayZ/76.jpg,10
split_Ori_Face/train/JayZ/166.jpg,10
split_Ori_Face/train/JayZ/74.jpg,10
split_Ori_Face/train/JayZ/356.jpg,10
split_Ori_Face/train/JayZ/52.jpg,10
split_Ori_Face/train/JayZ/53.jpg,10
split_Ori_Face/train/JayZ/469.jpg,10
split_Ori_Face/train/JayZ/402.jpg,10
split_Ori_Face/train/JayZ/105.jpg,10
split_Ori_Face/train/JayZ/138.jpg,10
split_Ori_Face/train/JayZ/264.jpg,10
split_Ori_Face/train/JayZ/540.jpg,10
split_Ori_Face/train/JayZ/419.jpg,10
split_Ori_Face/train/JayZ/148.jpg,10
split_Ori_Face/train/JayZ/272.jpg,10
split_Ori_Face/train/JayZ/250.jpg,10
split_Ori_Face/train/JayZ/266.jpg,10
split_Ori_Face/train/JayZ/496.jpg,10
split_Ori_Face/train/JayZ/440.jpg,10
split_Ori_Face/train/JayZ/195.jpg,10
split_Ori_Face/train/JayZ/460.jpg,10
split_Ori_Face/train/JayZ/559.jpg,10
split_Ori_Face/train/JayZ/489.jpg,10
split_Ori_Face/train/JayZ/111.jpg,10
split_Ori_Face/train/JayZ/247.jpg,10
split_Ori_Face/train/JayZ/228.jpg,10
split_Ori_Face/train/JayZ/221.jpg,10
split_Ori_Face/train/JayZ/336.jpg,10
split_Ori_Face/train/JayZ/382.jpg,10
split_Ori_Face/train/JayZ/146.jpg,10
split_Ori_Face/train/JayZ/538.jpg,10
split_Ori_Face/train/JayZ/455.jpg,10
split_Ori_Face/train/JayZ/289.jpg,10
split_Ori_Face/train/JayZ/119.jpg,10
split_Ori_Face/train/JayZ/525.jpg,10
split_Ori_Face/train/JayZ/188.jpg,10
split_Ori_Face/train/JayZ/333.jpg,10
split_Ori_Face/train/JayZ/1.jpg,10
split_Ori_Face/train/JayZ/223.jpg,10
split_Ori_Face/train/JayZ/398.jpg,10
split_Ori_Face/train/JayZ/480.jpg,10
split_Ori_Face/train/JayZ/364.jpg,10
split_Ori_Face/train/JayZ/20.jpg,10
split_Ori_Face/train/JayZ/502.jpg,10
split_Ori_Face/train/JayZ/485.jpg,10
split_Ori_Face/train/JayZ/123.jpg,10
split_Ori_Face/train/JayZ/478.jpg,10
split_Ori_Face/train/JayZ/285.jpg,10
split_Ori_Face/train/JayZ/536.jpg,10
split_Ori_Face/train/JayZ/385.jpg,10
split_Ori_Face/train/JayZ/147.jpg,10
split_Ori_Face/train/JayZ/406.jpg,10
split_Ori_Face/train/JayZ/267.jpg,10
split_Ori_Face/train/JayZ/564.jpg,10
split_Ori_Face/train/JayZ/113.jpg,10
split_Ori_Face/train/JayZ/142.jpg,10
split_Ori_Face/train/JayZ/516.jpg,10
split_Ori_Face/train/JayZ/374.jpg,10
split_Ori_Face/train/JayZ/197.jpg,10
split_Ori_Face/train/JayZ/410.jpg,10
split_Ori_Face/train/JayZ/95.jpg,10
split_Ori_Face/train/JayZ/38.jpg,10
split_Ori_Face/train/JayZ/49.jpg,10
split_Ori_Face/train/JayZ/136.jpg,10
split_Ori_Face/train/JayZ/391.jpg,10
split_Ori_Face/train/JayZ/210.jpg,10
split_Ori_Face/train/JayZ/474.jpg,10
split_Ori_Face/train/JayZ/218.jpg,10
split_Ori_Face/train/JayZ/244.jpg,10
split_Ori_Face/train/JayZ/120.jpg,10
split_Ori_Face/train/JayZ/265.jpg,10
split_Ori_Face/train/JayZ/545.jpg,10
split_Ori_Face/train/JayZ/495.jpg,10
split_Ori_Face/train/JayZ/193.jpg,10
split_Ori_Face/train/JayZ/18.jpg,10
split_Ori_Face/train/JayZ/127.jpg,10
split_Ori_Face/train/JayZ/555.jpg,10
split_Ori_Face/train/JayZ/189.jpg,10
split_Ori_Face/train/JayZ/580.jpg,10
split_Ori_Face/train/JayZ/124.jpg,10
split_Ori_Face/train/JayZ/490.jpg,10
split_Ori_Face/train/JayZ/499.jpg,10
split_Ori_Face/train/JayZ/512.jpg,10
split_Ori_Face/train/JayZ/172.jpg,10
split_Ori_Face/train/JayZ/70.jpg,10
split_Ori_Face/train/JayZ/517.jpg,10